1,Had,Leyshon,253-384-1059,398 Norway Maple Hill,Lakewood,WA,98498
2,Nicky,Samsin,843-395-9647,38897 Fisk Pass,Florence,SC,29505
3,Orelle,Weepers,314-932-3051,96 Lien Circle,Saint Louis,MO,63136
4,Vance,Jozwicki,408-829-5592,409 Lillian Parkway,San Jose,CA,95150
5,Dag,Trencher,318-678-9362,25938 Di Loreto Alley,Shreveport,LA,71151
6,Ross,McMurray,205-806-7902,22979 Glacier Hill Way,Birmingham,AL,35205
7,Pen,Barwis,651-794-8053,41168 Lerdahl Road,Saint Paul,MN,55103
8,Gertrudis,Aisbett,225-241-6647,946 Green Ridge Avenue,Baton Rouge,LA,70826
9,Cullin,Volk,304-222-5833,78 Mesta Court,Charleston,WV,25389
10,Elladine,Brattell,850-724-5083,37 Hagan Hill,Pensacola,FL,32526
11,Corene,Hartright,702-592-8196,72934 Almo Street,Las Vegas,NV,89166
12,Margaretta,Dunkerley,404-426-7416,4256 South Crossing,Atlanta,GA,30336
13,Gaby,Lardiner,616-731-4613,4 Schmedeman Drive,Grand Rapids,MI,49518
14,Josselyn,Compston,210-315-8291,726 Main Avenue,San Antonio,TX,78291
15,Dona,Jakuszewski,563-152-3341,3648 Hauk Point,Davenport,IA,52809
16,Diahann,Coorington,503-484-9441,8521 Summerview Road,Portland,OR,97229
17,Diahann,Cheng,951-992-6803,56 Grasskamp Way,San Bernardino,CA,92410
18,Jorry,Righy,303-170-6200,91 Bay Drive,Littleton,CO,80127
19,Correy,Lynn,310-861-9946,654 4th Hill,Los Angeles,CA,90035
20,Taylor,Kunzel,330-435-6129,3 Del Mar Avenue,Akron,OH,44321
21,Kirsteni,Bramble,408-478-5748,80584 Oakridge Circle,San Jose,CA,95160
22,Vivyan,Petrelluzzi,205-370-5061,9 Ruskin Parkway,Birmingham,AL,35215
23,Nevin,Brake,804-259-4602,75952 Union Place,Richmond,VA,23293
24,Sheilah,Osgodby,540-508-3405,9278 Roth Junction,Roanoke,VA,24048
25,Thomasa,Menichini,336-272-2620,6507 Twin Pines Street,Greensboro,NC,27404
26,Correy,Castelli,502-667-3685,4 Sommers Crossing,Louisville,KY,40293
27,Eba,Jarley,202-840-0990,0826 Fieldstone Place,Alexandria,VA,22301
28,Allison,Gifkins,703-418-6699,9 Pennsylvania Crossing,Alexandria,VA,22301
29,Kris,Rydeard,609-431-4846,3574 Independence Road,Trenton,NJ,08638
30,Derward,Liverock,302-137-2283,6019 Tennessee Center,Wilmington,DE,19886
31,Engracia,Sowle,402-990-5633,11592 Granby Place,Lincoln,NE,68505
32,Sharona,Spawton,915-453-4870,835 Fair Oaks Drive,El Paso,TX,88584
33,Linzy,Burgwyn,757-771-8813,7643 Shelley Court,Hampton,VA,23663
34,Benjamin,Babbidge,813-495-0399,1 Sullivan Avenue,Tampa,FL,33605
35,Tommie,Theodoris,317-977-7621,307 Monument Plaza,Indianapolis,IN,46231
36,Raimund,Drummond,425-858-7114,520 Huxley Hill,Bellevue,WA,98008
37,Arlyn,Corbett,609-133-3062,3 Eliot Pass,Trenton,NJ,08638
38,Glenda,MacRannell,503-406-0876,76 Moland Alley,Portland,OR,97232
39,Milena,Deppen,530-241-7796,30166 Browning Crossing,Chico,CA,95973
40,Brad,Boow,510-161-7085,5415 Katie Alley,Richmond,CA,94807
41,Hobie,Speight,713-486-3735,9903 Petterle Place,Houston,TX,77276
42,Kerr,Shilstone,941-709-0939,285 Dexter Way,Naples,FL,34102
43,Dimitry,Grent,785-699-0697,85311 Londonderry Point,Topeka,KS,66606
44,Karissa,Gauler,412-161-3801,0694 Ludington Drive,Pittsburgh,PA,15225
45,Giffy,Allicock,754-292-7720,80261 Barby Court,Fort Lauderdale,FL,33310
46,Margette,Langley,213-335-1214,58885 Kensington Alley,Los Angeles,CA,90055
47,Eadith,Glanester,484-332-5534,74261 New Castle Court,Reading,PA,19605
48,Aurilia,Siemandl,228-904-6370,7 Mendota Crossing,Biloxi,MS,39534
49,Jennette,Rapper,412-916-9705,397 Eagan Pass,Pittsburgh,PA,15261
50,Emalia,Broadhurst,619-871-2164,287 Columbus Center,San Diego,CA,92153
51,Mellisa,Lathwell,973-960-1533,23610 Moose Lane,Newark,NJ,07104
52,Sky,Decent,862-793-9316,52 Karstens Pass,Newark,NJ,07195
53,Carrissa,Draycott,202-689-9867,0418 Forster Pass,Washington,DC,20503
54,Melli,Beaney,714-348-7713,5998 Forest Terrace,Anaheim,CA,92805
55,Lewes,Gager,773-621-8414,7023 Lawn Hill,Chicago,IL,60609
56,Reider,Renackowna,612-872-1200,6759 Mallard Plaza,Saint Paul,MN,55108
57,Pryce,Mountcastle,202-591-6763,30687 Hoffman Place,Washington,DC,20470
58,Philomena,Casiero,734-964-8697,19 Upham Pass,Detroit,MI,48211
59,Quintus,Tennewell,517-297-5330,93 Crowley Way,Lansing,MI,48912
60,Rosabella,de Marco,317-650-2680,7218 Bonner Terrace,Indianapolis,IN,46231
61,Thalia,Halls,256-250-0455,06 Ronald Regan Alley,Huntsville,AL,35815
62,Rockey,Cino,406-699-2132,938 Mayer Avenue,Missoula,MT,59806
63,Gay,Greiser,281-475-4653,45268 Pearson Street,Houston,TX,77293
64,Jilli,Dance,234-873-1188,87 Sunbrook Road,Akron,OH,44393
65,Shalom,Hannabus,508-709-1517,687 Village Hill,New Bedford,MA,02745
66,Ellie,Rivlin,212-526-8907,27339 Buena Vista Place,New York City,NY,10275
67,Mathias,Leigh,901-377-6325,0207 Crowley Alley,Memphis,TN,38131
68,Debra,Matantsev,352-499-0983,5 Oxford Circle,Spring Hill,FL,34611
69,Lawton,Cordeix,843-503-4530,66421 Pearson Center,Charleston,SC,29424
70,Marianne,MacPhaden,202-299-9895,1247 Garrison Road,Silver Spring,MD,20910
71,Lurleen,Asson,570-530-4128,42867 Claremont Road,Wilkes Barre,PA,18768
72,Domenic,Duckerin,718-666-4913,7 Larry Circle,Jamaica,NY,11470
73,Richard,Regina,818-873-7706,7 Waywood Avenue,Torrance,CA,90510
74,Renato,Drable,716-815-8703,99043 Elgar Circle,Buffalo,NY,14225
75,Marlo,Coaten,713-963-6990,33750 Packers Park,Spring,TX,77388
76,Leone,Sweeney,602-264-0038,9 John Wall Terrace,Phoenix,AZ,85005
77,Hodge,Osbiston,925-515-8554,7175 Pankratz Trail,Concord,CA,94522
78,Jewel,Klimowicz,217-683-3650,68950 Bayside Trail,Springfield,IL,62776
79,Ame,Benkin,361-983-3979,8 Forest Run Trail,Corpus Christi,TX,78475
80,Christa,Ezzle,202-303-1734,321 Fisk Pass,Washington,DC,20503
81,Debee,Attlee,608-718-7303,3 Monument Crossing,Madison,WI,53790
82,Budd,Meric,330-471-1917,177 Duke Pass,Canton,OH,44705
83,Inglis,Whelpdale,216-307-4109,8 Farmco Road,Cleveland,OH,44125
84,Penn,Duell,205-900-8635,71 Springs Point,Birmingham,AL,35242
85,Lemmy,Jakoubec,806-174-8417,93849 Buena Vista Court,Lubbock,TX,79410
86,Edwin,Sorel,214-245-7906,2007 Marquette Terrace,Dallas,TX,75358
87,Zed,Plaskett,513-969-9832,948 Miller Alley,Cincinnati,OH,45999
88,Ax,Riste,865-304-8052,50 Forest Dale Point,Knoxville,TN,37924
89,Kimble,Billing,801-839-0338,0 Lillian Pass,Sandy,UT,84093
90,Pippy,Powdrell,605-745-7872,8370 Bowman Hill,Sioux Falls,SD,57188
91,Moyna,Satterthwaite,206-494-6721,0615 Hooker Way,Seattle,WA,98185
92,Marigold,Beekman,407-351-5999,59 Kedzie Way,Kissimmee,FL,34745
93,Ninette,Bradmore,209-271-4946,4 Cottonwood Avenue,Stockton,CA,95210
94,Cherish,Moreing,615-102-2226,98323 Ruskin Way,Nashville,TN,37235
95,Warden,Dannohl,650-125-6263,1 Mosinee Circle,Redwood City,CA,94064
96,Mayne,McGilleghole,312-202-8338,646 Dayton Park,Chicago,IL,60652
97,Sargent,Kubicek,806-732-4513,09357 Becker Lane,Amarillo,TX,79165
98,Ikey,Hague,214-966-2986,35602 Fair Oaks Street,Dallas,TX,75392
99,Zaria,Dunlap,203-453-7446,4 Bayside Avenue,Stamford,CT,06912
100,Estevan,Hounsham,850-571-2546,768 Hazelcrest Drive,Pensacola,FL,32526
101,Kelsey,Burrel,206-805-9231,31528 Pankratz Avenue,Seattle,WA,98109
102,Caprice,Benedicto,904-697-6922,1 Fulton Lane,Jacksonville,FL,32255
103,Aliza,Sawdon,312-664-6683,670 Gulseth Way,Chicago,IL,60604
104,Ky,Sallnow,601-901-8182,61 Debra Park,Jackson,MS,39216
105,Glen,Wivell,818-157-1207,67 Sommers Plaza,Glendale,CA,91205
106,Sawyere,Livzey,314-880-4598,7286 Lake View Pass,Saint Louis,MO,63136
107,Lexis,Gillhespy,310-357-1796,93702 Tony Avenue,Los Angeles,CA,90035
108,Lauri,Shimon,336-783-8038,90 Sunfield Lane,Greensboro,NC,27425
109,Earl,Hemphall,763-271-7763,5603 Luster Way,Monticello,MN,55565
110,Sharyl,Whatsize,907-798-8342,510 Homewood Crossing,Anchorage,AK,99512
111,Nap,Venediktov,505-519-0955,186 Lakewood Gardens Parkway,Albuquerque,NM,87190
112,Barnaby,Ranfield,310-991-1411,2723 Havey Pass,Inglewood,CA,90305
113,Aleta,Curzon,702-500-6680,43 Artisan Hill,Las Vegas,NV,89110
114,Katey,McKag,503-732-4848,0 Hoffman Pass,Portland,OR,97216
115,Opal,Sainsbury-Brown,718-341-4320,623 Merchant Terrace,Brooklyn,NY,11215
116,Hort,Abraham,561-523-0995,35 Carey Pass,Delray Beach,FL,33448
117,Lonnard,Ambler,651-468-4051,8992 Scott Pass,Minneapolis,MN,55417
118,Kora,Perin,571-517-4251,49 Huxley Avenue,Falls Church,VA,22047
119,Mirabel,Bretland,402-818-6839,8 Kedzie Avenue,Lincoln,NE,68517
120,Penn,Bryenton,941-416-4031,5 Anniversary Parkway,Port Charlotte,FL,33954
121,Adora,Philipet,251-850-7668,15 Namekagon Lane,Mobile,AL,36616
122,Kettie,Markwelley,614-352-3540,1395 Kennedy Hill,Columbus,OH,43210
123,Reginald,Rees,240-731-4285,4 Canary Way,Hagerstown,MD,21747
124,Hermia,Mogey,727-117-3974,5253 Hanson Hill,Saint Petersburg,FL,33731
125,Heywood,Rihosek,212-674-7075,56 Old Shore Point,New York City,NY,10175
126,Thomasine,Raoux,713-722-1581,46 Ohio Hill,Houston,TX,77060
127,Alanah,McCurt,928-539-9827,593 Maple Court,Peoria,AZ,85383
128,Courtnay,Zappel,915-652-6556,93043 Leroy Avenue,El Paso,TX,88574
129,Mareah,Brierton,813-181-9201,65424 Orin Pass,Tampa,FL,33615
130,Steffane,Gath,605-966-3136,94660 Mesta Way,Sioux Falls,SD,57198
131,Pippo,Scutchin,716-502-5752,267 Knutson Park,Buffalo,NY,14210
132,Salvidor,Cymper,386-312-0537,70789 Forest Terrace,Daytona Beach,FL,32128
133,Roz,Elcome,859-959-0066,2 Maple Wood Parkway,Lexington,KY,40510
134,Daven,Bothen,714-448-1682,528 Northwestern Circle,Anaheim,CA,92825
135,Stillmann,Napthine,718-913-8797,0023 Shopko Point,Staten Island,NY,10310
136,Sal,Ewestace,281-410-4321,4754 Union Point,Houston,TX,77030
137,Brinn,Davids,361-403-0759,521 Luster Street,Corpus Christi,TX,78470
138,Veronica,McKomb,573-676-8128,8299 Sachs Parkway,Columbia,MO,65218
139,Sherie,Beagles,504-247-9912,87939 Hermina Point,Metairie,LA,70005
140,Ozzy,Boden,703-608-2137,70 Elgar Road,Alexandria,VA,22301
141,Alford,Varnam,810-219-8722,3 Continental Avenue,Southfield,MI,48076
142,Elliott,Klimowicz,740-914-6053,1389 Bonner Road,Columbus,OH,43240
143,Archibaldo,Agerskow,502-231-9265,2482 Village Point,Frankfort,KY,40618
144,Roberta,Pagen,818-931-0080,6929 Havey Trail,Pasadena,CA,91109
145,Warden,Cottee,210-391-2757,284 Warner Parkway,San Antonio,TX,78205
146,Halley,Poon,314-611-6801,50502 Grover Center,Saint Louis,MO,63110
147,Duffie,McMechan,915-523-2754,1527 Lotheville Circle,El Paso,TX,79940
148,Chuck,Blanc,202-713-3176,4156 Cascade Circle,Washington,DC,20525
149,Jervis,Pinnigar,804-242-6745,27315 La Follette Junction,Richmond,VA,23260
150,Maitilde,Ducker,571-723-3175,3921 Pankratz Center,Alexandria,VA,22333
151,Raffarty,Reina,253-347-4719,13 Lotheville Place,Tacoma,WA,98447
152,Mahmoud,Haney`,202-975-7137,56481 Mosinee Way,Washington,DC,20210
153,Hersh,Franca,419-675-3650,621 Mariners Cove Parkway,Toledo,OH,43699
154,Hannah,Stickells,520-311-0742,68557 Nelson Parkway,Tucson,AZ,85725
155,Zelma,Backman,808-839-0920,63 Sunfield Lane,Honolulu,HI,96815
156,Meade,Bonnick,540-643-4719,77788 Crescent Oaks Crossing,Roanoke,VA,24048
157,Boone,Wissbey,518-429-4911,4830 Northport Parkway,Schenectady,NY,12325
158,Darleen,Gillopp,310-906-4907,5545 Westport Plaza,Santa Monica,CA,90410
159,Lucio,Lapslie,813-831-4903,3767 Cottonwood Parkway,Tampa,FL,33661
160,Tabbie,Bygate,215-397-1814,16309 Tony Place,Philadelphia,PA,19093
161,Ellette,Florey,314-193-9777,9129 Fallview Place,Saint Louis,MO,63180
162,Trevor,Yes,609-726-7358,36 Fieldstone Point,Trenton,NJ,08650
163,Dewitt,Giraudo,914-356-3188,198 Coolidge Circle,Bronx,NY,10464
164,Law,Pietzke,757-524-8606,18 Scoville Pass,Virginia Beach,VA,23454
165,Banky,Allmann,203-185-7618,69 Corben Park,Waterbury,CT,06726
166,Inigo,Fulop,203-410-3423,471 Porter Plaza,New Haven,CT,06505
167,Rogers,Adamini,602-294-8364,45 Fallview Crossing,Phoenix,AZ,85099
168,Kristos,Beric,208-600-0145,0489 Oxford Street,Boise,ID,83705
169,Mirna,Blaxley,717-719-1666,3797 Mitchell Street,Harrisburg,PA,17121
170,Alfonse,Lovstrom,205-369-4988,47238 Montana Avenue,Birmingham,AL,35254
171,Lonni,Mohammad,585-360-2047,4 Dixon Drive,Rochester,NY,14683
172,Brand,Twigley,314-775-4452,5 Bay Street,Saint Louis,MO,63158
173,Raychel,Bathoe,909-967-5742,59447 Prairie Rose Pass,San Bernardino,CA,92424
174,Ab,Robertet,614-513-8088,0569 Spohn Alley,Columbus,OH,43226
175,Rufe,Hacaud,785-988-1017,115 Kim Plaza,Topeka,KS,66606
176,Trever,Franey,863-879-5022,9 Express Point,Lehigh Acres,FL,33972
177,Claribel,Gatfield,210-351-9556,21174 Atwood Avenue,San Antonio,TX,78250
178,Sheba,Limbert,518-344-8645,5509 7th Drive,Albany,NY,12222
179,Kori,Crafts,212-439-5296,6 North Plaza,New York City,NY,10115
180,Jordana,Lavielle,402-650-5762,222 Merrick Alley,Omaha,NE,68105
181,Thadeus,Fairbrass,815-604-1030,8313 Fairview Plaza,Rockford,IL,61105
182,Vasily,Kleinberer,562-218-1556,376 Truax Road,Whittier,CA,90610
183,Suzanne,Kampshell,562-885-7093,59 7th Place,Whittier,CA,90610
184,Page,Petersen,240-875-5439,395 Caliangt Avenue,Hagerstown,MD,21747
185,Shandeigh,Pude,909-441-1913,0257 Parkside Point,Riverside,CA,92505
186,Sidoney,Kuschek,806-534-3516,13 International Terrace,Amarillo,TX,79159
187,Mattias,Mowle,480-889-7564,14709 Dunning Street,Mesa,AZ,85205
188,Oralee,Nesfield,501-498-6467,261 Gerald Circle,Hot Springs National Park,AR,71914
189,Conan,Deans,405-683-6092,2203 Parkside Drive,Edmond,OK,73034
190,Hedi,Rickardsson,484-970-8546,2314 Dwight Alley,Valley Forge,PA,19495
191,Betteanne,Cristoforetti,910-766-8948,85 Novick Park,Wilmington,NC,28405
192,Flossi,Brodbin,423-162-3558,1 Lunder Plaza,Chattanooga,TN,37405
193,Giacobo,Dormon,334-178-9095,068 Forest Dale Place,Montgomery,AL,36125
194,Lyndsie,Redmond,434-555-0235,9 Evergreen Pass,Lynchburg,VA,24515
195,Bertrand,Pauling,731-689-5116,6 Judy Street,Jackson,TN,38308
196,Tobie,Brettell,409-129-4667,516 Delladonna Terrace,Galveston,TX,77554
197,Nealy,Scotson,281-233-1486,1605 Maple Center,Houston,TX,77075
198,Luci,Sikorsky,405-454-8422,0 Menomonie Park,Oklahoma City,OK,73129
199,Rosamond,Sumpton,571-535-7409,0 Warrior Crossing,Fairfax,VA,22036
200,Meghann,Crangle,757-529-5509,3 Green Way,Virginia Beach,VA,23454
201,Jeannette,Chifney,234-918-6887,87300 Badeau Circle,Akron,OH,44393
202,Lynelle,Bestwick,609-478-0820,31024 Katie Pass,Trenton,NJ,08695
203,Aurore,Skotcher,682-910-4943,9 Bonner Way,Fort Worth,TX,76162
204,Ellene,Hexam,816-946-1113,5 Fisk Hill,Kansas City,MO,64153
205,Marjorie,Andrusyak,813-794-6136,72843 Garrison Point,Tampa,FL,33610
206,Pete,Gadney,626-787-1899,31412 Granby Alley,Van Nuys,CA,91406
207,Kenna,Greasty,813-967-5160,254 Karstens Street,Tampa,FL,33647
208,Terry,Kays,952-685-1414,8992 Eastwood Alley,Young America,MN,55564
209,Eugenius,Phelan,915-617-7462,86 Forest Dale Center,El Paso,TX,88553
210,Aguste,Ulrik,704-420-7785,6187 Hermina Junction,Charlotte,NC,28247
211,Sisile,Freear,409-345-6504,951 Fallview Way,Beaumont,TX,77713
212,Andrus,Figgs,303-245-7985,5 Jenna Way,Littleton,CO,80127
213,Faber,Soonhouse,682-327-3509,334 Glendale Center,Fort Worth,TX,76192
214,Peri,Humbie,716-118-6768,64156 Gina Point,Buffalo,NY,14233
215,Gratia,Georgot,915-412-0918,87064 Ridgeview Parkway,El Paso,TX,79911
216,Cedric,Aulds,317-998-3033,0 Nobel Alley,Indianapolis,IN,46254
217,Fae,Labbati,805-750-2028,3 Old Shore Street,Simi Valley,CA,93094
218,Celestina,Blayney,937-663-4235,77 Bobwhite Trail,Dayton,OH,45408
219,Ariella,Moroney,916-852-4165,90 Del Mar Road,Sacramento,CA,94291
220,Bryant,Scamp,510-213-9380,2225 Roth Point,Oakland,CA,94660
221,Natala,Tenby,757-549-6291,67 Declaration Lane,Newport News,VA,23612
222,Agustin,Garwill,704-139-2427,7440 Shopko Lane,Charlotte,NC,28242
223,Linus,Tipple,312-284-7226,799 New Castle Center,Chicago,IL,60663
224,Sheila,Worvill,215-279-7455,1 Mifflin Hill,Philadelphia,PA,19160
225,Sapphira,Borgesio,212-795-7611,8 Pond Place,New York City,NY,10160
226,Noreen,Spensly,210-107-0780,27870 Hoard Circle,San Antonio,TX,78278
227,Barth,Iacobassi,309-989-9575,3666 Northport Plaza,Bloomington,IL,61709
228,Garnette,Oland,225-535-3046,0 Carpenter Lane,Baton Rouge,LA,70883
229,Brnaba,Catherine,407-195-6941,14 Pawling Alley,Orlando,FL,32825
230,Imojean,Phillcock,704-539-1342,45 Mallory Park,Charlotte,NC,28278
231,Bat,Mc Elory,626-469-7700,7435 Cordelia Pass,Pasadena,CA,91103
232,Chantalle,Bartrum,330-216-5559,524 Warner Place,Akron,OH,44305
233,Hieronymus,Yve,612-754-0703,64228 Village Point,Minneapolis,MN,55423
234,Elke,Pariso,913-981-5418,97 Mcbride Place,Shawnee Mission,KS,66205
235,Pippo,Girardini,505-700-2687,709 Golden Leaf Pass,Las Cruces,NM,88006
236,Nicolle,Tockell,347-762-1853,07 Talisman Way,New York City,NY,10004
237,Annadiane,Rosenberg,267-507-0511,58173 Summit Junction,Philadelphia,PA,19115
238,Foss,Antham,917-825-9965,074 Spaight Avenue,Bronx,NY,10464
239,Aloise,Gilliard,801-490-2355,83 Buena Vista Road,Salt Lake City,UT,84145
240,Winnie,Roscrigg,210-811-4197,14 Utah Road,San Antonio,TX,78205
241,Clerissa,McEvoy,806-470-9248,97794 Dryden Place,Amarillo,TX,79118
242,Noelani,Samson,612-699-9119,622 Waywood Trail,Saint Paul,MN,55123
243,Sherwood,Jeal,412-818-3807,4012 Cordelia Junction,Pittsburgh,PA,15220
244,Gerrilee,Clohissy,304-398-9831,53717 Laurel Place,Charleston,WV,25336
245,Layne,Wordington,215-314-0324,53 Forest Run Center,Philadelphia,PA,19136
246,Dayna,Mathiot,305-244-8480,760 Hanover Drive,Miami Beach,FL,33141
247,Brana,Schoenleiter,760-219-7547,6497 Mallory Hill,Escondido,CA,92030
248,Prue,Bunclark,304-358-5384,7 Rockefeller Street,Charleston,WV,25331
249,Anne-corinne,Leah,225-487-2899,20686 Montana Pass,Baton Rouge,LA,70836
250,Shellysheldon,McCarly,561-249-5527,569 Donald Court,Boca Raton,FL,33499
251,Roy,Magee,918-935-0516,56862 Sunfield Court,Tulsa,OK,74133
252,Minda,O'Hanley,520-265-4870,74 Chinook Street,Tucson,AZ,85748
253,Brenden,Mattaser,216-179-3423,6066 Cambridge Crossing,Cleveland,OH,44118
254,Winny,Etherington,323-752-1761,2071 Homewood Alley,Los Angeles,CA,90076
255,Riannon,Hylton,201-896-9450,3 Longview Road,Jersey City,NJ,07305
256,Revkah,Lount,217-978-2471,6 Autumn Leaf Center,Springfield,IL,62711
257,Essa,Storrie,818-456-2959,666 Carpenter Street,North Hollywood,CA,91606
258,Clarine,Aloshkin,702-105-9629,3 Gerald Drive,Las Vegas,NV,89115
259,Staford,Hriinchenko,214-233-0553,97850 Upham Pass,Dallas,TX,75367
260,Renee,Cranefield,501-718-4741,6 Caliangt Street,Little Rock,AR,72215
261,Carmelita,Mealing,810-789-5769,1 Nobel Parkway,Detroit,MI,48211
262,Carmita,Monelle,760-266-0013,1 Homewood Court,Carlsbad,CA,92013
263,Delcina,Kochl,443-530-8550,90 Menomonie Crossing,Baltimore,MD,21239
264,Irina,Henrichsen,941-354-8433,8 Dayton Drive,Sarasota,FL,34238
265,Evelin,Moffat,312-317-2339,5229 Grover Junction,Chicago,IL,60669
266,Andras,Askey,469-147-6303,83 La Follette Point,Dallas,TX,75342
267,Gilli,Springall,972-879-6281,75 Del Mar Avenue,Plano,TX,75074
268,Adorne,Paulig,214-123-8829,60 Bartelt Center,Dallas,TX,75260
269,Corrie,Winear,330-921-7574,02 Londonderry Circle,Akron,OH,44315
270,Tann,M'Chirrie,608-615-0712,45 Raven Circle,Madison,WI,53779
271,Barbabra,Headingham,904-754-9097,5655 Coolidge Alley,Jacksonville,FL,32259
272,Archy,Linzey,703-283-1155,45 Milwaukee Circle,Alexandria,VA,22301
273,Silvanus,Gilstin,309-763-2383,50 Heath Place,Peoria,IL,61614
274,Georgianne,Nutley,702-469-3735,91431 Brickson Park Parkway,Henderson,NV,89012
275,Temple,Kinch,214-801-8011,4057 Calypso Drive,Dallas,TX,75226
276,Michaella,Rimbault,703-824-5830,978 Myrtle Pass,Alexandria,VA,22301
277,Chrisy,Nice,704-986-8008,3211 Manitowish Place,Charlotte,NC,28256
278,Raina,Hayselden,314-427-8062,45891 Pine View Terrace,Saint Louis,MO,63121
279,Tucker,Postians,920-489-0506,50 Meadow Valley Park,Green Bay,WI,54313
280,Richart,Bortolomei,303-418-3121,69452 Truax Lane,Denver,CO,80270
281,Alvan,Thouless,205-494-4490,5 Mendota Trail,Tuscaloosa,AL,35405
282,Burtie,Fessier,570-206-6164,0572 Northland Street,Wilkes Barre,PA,18763
283,Rod,Solomonides,251-944-2979,43 Roxbury Street,Mobile,AL,36622
284,Arthur,Duffitt,814-488-7248,2 Marcy Crossing,Erie,PA,16510
285,Gerri,Antonikov,713-257-7915,4 Clyde Gallagher Alley,Houston,TX,77055
286,Ky,Spottiswoode,714-671-0923,02 Hoard Way,Garden Grove,CA,92645
287,Henriette,Uc,763-997-1226,1 Armistice Pass,Minneapolis,MN,55448
288,Antonetta,Oxenford,559-709-9368,25727 Calypso Hill,Fresno,CA,93715
289,Greer,Peppard,850-106-2510,70 Grayhawk Lane,Tallahassee,FL,32399
290,Merilee,Rampage,210-602-1292,34461 Ruskin Street,San Antonio,TX,78205
291,Reilly,O'Rowane,989-154-6427,53721 Hazelcrest Way,Saginaw,MI,48609
292,Horten,Hauxwell,971-430-0412,7 Twin Pines Point,Portland,OR,97271
293,Estevan,Wethered,917-839-9563,7 Kipling Plaza,New York City,NY,10039
294,Pauline,Meacher,518-849-6774,18 Loeprich Place,Albany,NY,12222
295,Masha,Pawlyn,973-770-6259,184 Hermina Crossing,Jersey City,NJ,07310
296,Nevil,Lamcken,813-294-8802,4 Hanson Trail,Tampa,FL,33620
297,Forrest,Olander,314-195-3671,87 Haas Drive,Saint Louis,MO,63158
298,Gayel,Jedrys,253-684-0772,0930 Heffernan Street,Tacoma,WA,98481
299,Davon,Rottenbury,360-942-7506,5272 Melvin Crossing,Vancouver,WA,98687
300,Valaria,Hearnden,904-651-6471,553 Lerdahl Lane,Jacksonville,FL,32255
301,Oates,Colin,423-930-5662,67 Red Cloud Road,Chattanooga,TN,37416
302,Kermit,Iwanczyk,309-384-4243,2 Jay Circle,Peoria,IL,61635
303,Elfie,Tumini,858-250-2243,91632 Anhalt Center,San Francisco,CA,94121
304,Christi,Cassar,920-973-0666,5 Iowa Plaza,Appleton,WI,54915
305,Lovell,Blunden,828-926-2354,71 Texas Circle,Asheville,NC,28805
306,Nollie,Bernardelli,727-603-8976,31207 Del Sol Avenue,Saint Petersburg,FL,33710
307,Randy,Jonk,616-111-6619,9 High Crossing Crossing,Grand Rapids,MI,49544
308,Stacie,Tolotti,414-307-1671,67 Russell Parkway,Milwaukee,WI,53225
309,Lissie,Vales,734-179-4153,7789 Fremont Junction,Dearborn,MI,48126
310,Concordia,O'Brogan,317-743-5231,3093 Waxwing Alley,Indianapolis,IN,46266
311,Dolores,Barter,208-246-8189,52 Bartillon Junction,Boise,ID,83732
312,Gino,Fibbit,907-885-5940,101 Russell Hill,Anchorage,AK,99512
313,Ashleigh,Boldock,304-260-4997,943 Summer Ridge Park,Huntington,WV,25726
314,Ermengarde,Sprigings,253-918-2618,87412 Commercial Pass,Tacoma,WA,98464
315,Bianca,Critchlow,917-626-3028,9890 Cardinal Terrace,New York City,NY,10110
316,Jory,McAuley,616-768-1252,56871 Forster Pass,Grand Rapids,MI,49505
317,Timi,Dingsdale,904-770-3165,74099 Roth Circle,Jacksonville,FL,32236
318,Tybalt,Robottham,210-223-8824,27911 Monica Drive,San Antonio,TX,78240
319,Jillene,Govini,208-546-0402,04 Anhalt Street,Boise,ID,83711
320,Conrado,Warner,614-426-0011,589 Summit Parkway,Columbus,OH,43204
321,Jacky,Vigneron,516-148-6434,6486 Dixon Plaza,Jamaica,NY,11407
322,Bartlett,Duerden,260-249-0676,7884 Waxwing Park,Fort Wayne,IN,46805
323,Carroll,Pauncefort,423-599-1912,9 Elgar Center,Kingsport,TN,37665
324,Ivett,Took,949-685-3268,0 Orin Crossing,Irvine,CA,92619
325,Minerva,Blunkett,915-954-9932,03009 Prairieview Trail,El Paso,TX,79916
326,Fan,O'Crevan,559-370-7640,4524 Jay Junction,Fullerton,CA,92640
327,Micaela,Hebborn,573-833-2193,53925 Continental Hill,Jefferson City,MO,65110
328,Donny,Merlin,619-690-0742,8 Mosinee Park,San Diego,CA,92160
329,Gweneth,Bevis,303-996-3010,9 Mendota Trail,Denver,CO,80270
330,Alyosha,Esch,915-614-3006,9415 Chive Point,El Paso,TX,79950
331,Dunc,Prebble,212-748-6546,40711 Corscot Junction,New York City,NY,10260
332,Ezequiel,Berfoot,502-510-9982,19 Sheridan Place,Louisville,KY,40225
333,Winonah,Blackshaw,512-671-6314,20993 Wayridge Point,Austin,TX,78759
334,Loree,Plaskitt,754-724-4974,6 Maple Point,Fort Lauderdale,FL,33345
335,Arabelle,Duberry,316-615-1646,48858 Steensland Drive,Wichita,KS,67260
336,Claudelle,Sutton,763-415-0641,31 Briar Crest Terrace,Minneapolis,MN,55428
337,Arlena,Antoniades,314-904-7665,476 Lakewood Gardens Crossing,Saint Louis,MO,63196
338,Maximilian,Grosvenor,414-962-2882,16 Tennyson Court,Milwaukee,WI,53263
339,Hale,Bartoletti,212-551-3000,4933 Steensland Street,New York City,NY,10110
340,Quincy,Caulwell,904-982-2229,2 Monument Alley,Jacksonville,FL,32204
341,Mel,Russan,718-146-5923,5 Rieder Street,Staten Island,NY,10305
342,Smitty,Seargeant,786-743-9586,7893 Kensington Place,Miami,FL,33180
343,Juan,Bernardo,205-706-6124,65 Algoma Circle,Birmingham,AL,35236
344,Mellisa,Le Claire,601-955-2515,07 Meadow Vale Junction,Jackson,MS,39296
345,Rozanna,Linsay,915-850-9431,4853 Loomis Drive,El Paso,TX,88558
346,Imelda,Searl,202-155-9880,74286 Esker Street,Washington,DC,20099
347,Ange,Demkowicz,202-639-2493,01345 Prairieview Junction,Washington,DC,20022
348,Salem,Winger,208-723-3875,90883 Novick Street,Pocatello,ID,83206
349,Avigdor,Clows,754-702-7087,9416 Morning Pass,Fort Lauderdale,FL,33310
350,Caressa,Python,512-298-3666,70 Artisan Center,Austin,TX,78783
351,Nevil,Kimbury,803-507-6185,352 Browning Pass,Columbia,SC,29240
352,Delbert,Bransgrove,409-385-3546,91577 Crowley Lane,Spring,TX,77388
353,Sonia,McVee,209-884-3122,6383 Harbort Hill,Stockton,CA,95210
354,Hadleigh,Kunzel,816-970-1499,47 West Drive,Kansas City,MO,64114
355,Ingram,Udden,661-688-0379,33788 Parkside Drive,Lancaster,CA,93584
356,Robinet,Currier,562-339-7407,52726 Dapin Way,Long Beach,CA,90840
357,Valle,Held,408-888-3975,033 Carioca Road,San Jose,CA,95173
358,Panchito,Pash,208-810-7410,9536 Sycamore Center,Boise,ID,83716
359,Brian,O'Mullally,404-427-5087,1456 Mayfield Hill,Atlanta,GA,31106
360,Carolan,Mundall,860-235-8025,89 Vidon Pass,Hartford,CT,06183
361,Pace,Keppel,203-607-1222,1019 Banding Lane,New Haven,CT,06538
362,Flynn,Boscott,540-382-1382,33 Blue Bill Park Alley,Roanoke,VA,24014
363,Raynor,Dunkerley,843-902-8495,353 Lakewood Junction,Charleston,SC,29416
364,Demetri,Adamkiewicz,315-441-9595,84931 Colorado Center,Syracuse,NY,13210
365,Sarah,Braunlein,816-241-3719,9353 2nd Junction,Kansas City,MO,64130
366,Franky,Yeiles,713-849-3545,80 Anzinger Point,Houston,TX,77010
367,Mufinella,McKomb,860-949-6361,4156 Thackeray Terrace,Hartford,CT,06160
368,Hyacinthe,Leeves,303-269-2597,541 Haas Terrace,Denver,CO,80228
369,Meredeth,Schult,202-864-2921,31 Carpenter Center,Washington,DC,20073
370,Lauretta,Dinsell,561-712-1644,2762 Lakewood Gardens Trail,West Palm Beach,FL,33405
371,Ddene,Kiloh,407-530-4026,89 Johnson Alley,Orlando,FL,32808
372,Nikolaos,O'Connolly,605-221-9732,09371 Melrose Point,Sioux Falls,SD,57105
373,Dilan,Orchard,239-739-8741,7995 Farmco Road,Fort Myers,FL,33913
374,Saunderson,Bason,412-248-9961,2 Superior Avenue,Pittsburgh,PA,15220
375,Hallsy,Shipston,203-828-8978,49 Katie Hill,Bridgeport,CT,06606
376,Edvard,Gairdner,425-997-5591,1568 Springs Trail,Everett,WA,98206
377,Gauthier,Meni,661-561-6966,83 Hagan Plaza,Burbank,CA,91505
378,Cally,Aizlewood,706-261-5929,57 Lakewood Terrace,Cumming,GA,30130
379,Blinni,Duley,302-307-5327,8 Bay Crossing,Wilmington,DE,19886
380,Ferdie,Trew,214-279-7766,46 Lunder Drive,Dallas,TX,75358
381,Rutherford,Allanby,505-266-0950,8907 Crownhardt Junction,Santa Fe,NM,87505
382,Stormy,Sharpe,402-425-7394,9010 Springview Center,Omaha,NE,68179
383,Eartha,Arkill,478-867-0511,125 Cambridge Lane,Macon,GA,31296
384,Consalve,McDarmid,909-587-1923,4 Pleasure Trail,Pomona,CA,91797
385,Tuck,Gaunt,786-545-7876,02588 Crownhardt Alley,Miami,FL,33111
386,Beulah,Pearl,615-289-3032,8125 Bluestem Way,Nashville,TN,37220
387,Opal,Ramelet,901-961-0802,1843 Mayer Plaza,Memphis,TN,38181
388,Bunnie,Basini-Gazzi,909-549-0863,2933 Rutledge Crossing,Riverside,CA,92505
389,Delila,Sandercock,404-998-3141,72154 Kings Center,Decatur,GA,30033
390,Harman,Clohissy,317-296-1062,6633 Blaine Drive,Indianapolis,IN,46254
391,Lowe,Jagger,916-993-0375,6 Vidon Parkway,Sacramento,CA,94237
392,Ag,Genthner,361-328-7099,2 Bluejay Junction,Corpus Christi,TX,78426
393,Rafferty,Bartoloma,415-369-0303,81 Shoshone Hill,San Francisco,CA,94110
394,Wilbur,Perse,830-682-2274,4 Village Green Pass,San Antonio,TX,78260
395,Ave,Crookston,402-427-6972,46 Mccormick Plaza,Lincoln,NE,68583
396,Aleda,Strowlger,502-260-4831,6910 Sutherland Center,Louisville,KY,40287
397,Tamar,Lukesch,810-265-1316,20 Veith Point,Detroit,MI,48211
398,Felisha,De Wolfe,251-929-1041,1213 Heath Circle,Mobile,AL,36610
399,Gayler,Whitsey,309-735-1183,0190 Hanover Plaza,Peoria,IL,61605
400,Katya,Dungate,772-354-8383,592 Morrow Crossing,Port Saint Lucie,FL,34985
401,Engracia,Dargavel,315-573-9234,639 International Terrace,Utica,NY,13505
402,Augustus,Rzehor,509-279-0194,32897 Washington Pass,Yakima,WA,98907
403,Marthe,Bellis,303-906-7395,3 Michigan Avenue,Boulder,CO,80310
404,Pollyanna,Marklow,251-861-4288,9 Charing Cross Point,Mobile,AL,36670
405,Nichol,Seater,310-504-9037,034 Talisman Terrace,Santa Monica,CA,90410
406,Connie,Frowde,713-278-7029,061 Dryden Circle,Houston,TX,77085
407,Johnnie,Brandel,713-421-8743,3 Katie Alley,Houston,TX,77250
408,Felic,Galvan,410-469-1015,9 Hermina Crossing,Baltimore,MD,21275
409,Florrie,Greeding,215-557-2957,51 Almo Drive,Philadelphia,PA,19136
410,Johannah,Haynes,214-930-2400,1031 Independence Terrace,Dallas,TX,75323
411,Elmira,Winser,504-996-2229,43 Everett Park,New Orleans,LA,70179
412,Florence,Faveryear,917-997-9972,8 Sunbrook Point,Jamaica,NY,11447
413,Janis,Dyett,954-806-8533,9 Bartelt Parkway,Fort Lauderdale,FL,33305
414,Devon,Beadle,571-906-2130,9079 Lillian Hill,Arlington,VA,22234
415,Pepi,Peeter,202-675-9779,8 Thackeray Court,Washington,DC,20540
416,Hube,Rolin,512-736-3993,68 Melrose Street,Round Rock,TX,78682
417,Amye,Silcock,573-209-8587,520 Hanover Way,Jefferson City,MO,65110
418,Jacquenetta,Burfitt,303-340-0673,13 Hauk Street,Denver,CO,80249
419,Mercedes,Itzkovici,813-159-8693,63 Elgar Drive,Tampa,FL,33610
420,Dix,Forkan,951-785-4365,572 Maryland Pass,Riverside,CA,92513
421,Jarvis,Schmidt,520-221-1027,3 Trailsway Drive,Tucson,AZ,85732
422,Shermy,Ecclesall,212-550-5122,61 Hayes Crossing,Brooklyn,NY,11254
423,Jolee,O'Hegertie,909-277-2629,22668 Macpherson Parkway,San Bernardino,CA,92410
424,Donna,Driussi,904-400-2016,6111 Kennedy Road,Jacksonville,FL,32230
425,Esmaria,Stenners,719-702-5372,76 Marcy Plaza,Pueblo,CO,81015
426,Toiboid,Antonognoli,253-842-6354,04 Brentwood Point,Tacoma,WA,98481
427,Rutger,Finnick,404-280-9179,241 Briar Crest Park,Atlanta,GA,30392
428,Malva,Valentin,661-313-3562,3206 Jenifer Pass,Palmdale,CA,93591
429,Alard,Butland,401-846-9289,23674 Anniversary Road,Providence,RI,02912
430,Iolanthe,Heighway,904-354-0658,15816 Farmco Circle,Jacksonville,FL,32277
431,Barth,Billings,936-421-3208,72437 Carberry Circle,Huntsville,TX,77343
432,Heidi,Dight,806-146-1130,33 Farwell Circle,Amarillo,TX,79159
433,Doralynn,Siney,312-425-4726,6 Summit Circle,Chicago,IL,60691
434,Jacobo,Peterken,212-103-5998,60 Mesta Park,New York City,NY,10105
435,Salvatore,Stoodale,325-169-8483,2706 Bluejay Point,Abilene,TX,79605
436,Lelia,Robottom,303-365-6674,71 Pawling Court,Aurora,CO,80015
437,Crista,Garron,785-876-4941,78389 Scofield Place,Topeka,KS,66699
438,Montgomery,Randle,571-486-3866,19991 Kim Terrace,Merrifield,VA,22119
439,Fionnula,Streader,508-709-4549,44506 Northview Plaza,Brockton,MA,02405
440,Norrie,Glowacki,208-747-1534,912 Lighthouse Bay Junction,Boise,ID,83705
441,Dallis,Rodolico,805-171-3096,19 Milwaukee Junction,Oxnard,CA,93034
442,Aaron,Darwin,859-288-1808,811 Heath Avenue,Lexington,KY,40510
443,Zorina,Catmull,626-137-4031,01193 Canary Center,Alhambra,CA,91841
444,Oswald,Bedder,850-890-0235,09366 Farmco Parkway,Pensacola,FL,32526
445,Rycca,Platfoot,304-650-1777,88 Spaight Plaza,Huntington,WV,25711
446,Delly,Millott,615-633-8453,22380 Twin Pines Hill,Nashville,TN,37215
447,Cyndy,Ottosen,718-849-3475,98660 Annamark Place,Bronx,NY,10464
448,Alex,Aldwich,405-950-6299,3550 Wayridge Place,Oklahoma City,OK,73129
449,Didi,Murrthum,205-629-1865,5 International Crossing,Birmingham,AL,35242
450,Amery,Greeno,253-789-7680,996 Autumn Leaf Crossing,Seattle,WA,98148
451,Clifford,Knowlton,804-106-0913,9 Warrior Point,Richmond,VA,23213
452,Robyn,Hanalan,561-754-7348,4902 Melvin Terrace,Lake Worth,FL,33467
453,Ariel,Pierton,916-271-4827,4 6th Hill,Sacramento,CA,95852
454,Filide,Oakey,206-881-7673,0 Maple Hill,Tacoma,WA,98424
455,Buck,Gunbie,850-340-5622,2 Waxwing Place,Pensacola,FL,32595
456,Granthem,Maruszewski,917-673-1017,857 Manufacturers Crossing,Flushing,NY,11388
457,Kilian,Currin,913-755-8882,210 Esker Avenue,Shawnee Mission,KS,66225
458,Richmond,Dalli,520-924-5675,24 Kedzie Alley,Tucson,AZ,85715
459,Brocky,Caesmans,312-329-5361,223 Haas Circle,Chicago,IL,60609
460,Milo,Ummfrey,858-749-1229,52367 Mesta Junction,Orange,CA,92668
461,Sarge,Clubley,904-711-2918,59 2nd Park,Jacksonville,FL,32220
462,Garrik,Bassam,989-480-9272,809 Larry Lane,Saginaw,MI,48604
463,Hayward,Mulqueen,210-330-0742,9 Towne Terrace,San Antonio,TX,78225
464,Melody,Abrehart,602-309-8566,6524 Summer Ridge Avenue,Phoenix,AZ,85005
465,Kial,Brodway,314-538-3625,3090 North Circle,Saint Louis,MO,63196
466,Scarface,Waistall,808-800-6455,18610 Colorado Point,Honolulu,HI,96820
467,Hilde,Hadlow,303-970-4837,730 Luster Parkway,Denver,CO,80243
468,Missie,Byford,619-191-5582,8306 Mcguire Road,San Diego,CA,92121
469,Elnar,Saunter,504-292-2169,84 2nd Crossing,New Orleans,LA,70142
470,Wilhelmine,Pogosian,253-986-1903,82 Wayridge Lane,Tacoma,WA,98417
471,Celina,Jankovsky,606-756-4614,83920 Corry Terrace,London,KY,40745
472,Ricki,Staten,205-152-6761,81 Manitowish Trail,Birmingham,AL,35295
473,Egor,Hursthouse,916-482-5179,1 Sutherland Point,Sacramento,CA,95833
474,Sheri,Sirman,804-314-4990,1958 Harbort Road,Richmond,VA,23289
475,Langston,Sallter,608-647-5173,49240 Eliot Avenue,Madison,WI,53705
476,Shannon,Mephan,217-382-9646,465 1st Point,Springfield,IL,62776
477,Erinna,Tirte,760-315-7670,63 Quincy Point,San Diego,CA,92127
478,Hetti,Vasyukhichev,937-160-4674,992 Merry Court,Dayton,OH,45408
479,Minni,Stiebler,304-807-3084,15 Red Cloud Pass,Morgantown,WV,26505
480,Blinny,Halgarth,415-363-7943,99587 Aberg Terrace,San Francisco,CA,94159
481,Meredithe,Strivens,859-115-4973,7 Summit Crossing,Lexington,KY,40581
482,Fanny,Struijs,571-266-9444,6 Ridgeview Point,Arlington,VA,22234
483,Othello,Ronnay,720-109-6747,24102 Mockingbird Alley,Denver,CO,80223
484,Morgan,Adderley,254-604-3151,4067 Mesta Pass,Waco,TX,76796
485,Zia,Laugier,845-473-2764,987 Almo Avenue,White Plains,NY,10606
486,Kayne,Alessandrelli,401-953-1401,262 Forest Dale Park,Providence,RI,02912
487,Talia,Donnel,619-408-2534,5090 Anniversary Lane,San Diego,CA,92110
488,Burke,Rayhill,530-182-6262,9 Pond Lane,South Lake Tahoe,CA,96154
489,Jana,Coite,832-275-0981,075 Veith Pass,Houston,TX,77005
490,Shirl,Georgeot,408-565-3506,47906 Division Parkway,San Jose,CA,95138
491,Kris,Tapton,434-641-1717,905 Butterfield Court,Charlottesville,VA,22903
492,Guinevere,Emmanuele,202-939-1206,607 Bashford Park,Washington,DC,20392
493,Hulda,Reihm,205-355-0571,6714 Luster Parkway,Tuscaloosa,AL,35405
494,Amalea,Bettley,415-649-0465,43 Caliangt Center,San Francisco,CA,94132
495,May,Adger,571-965-7434,46982 Holmberg Trail,Reston,VA,22096
496,Eadie,Benge,304-581-6266,99377 Holmberg Place,Charleston,WV,25326
497,Raven,Braybrooks,832-734-3105,3380 Pennsylvania Point,Houston,TX,77080
498,Artie,Jovovic,434-305-4612,0123 Lerdahl Road,Lynchburg,VA,24515
499,Cazzie,Durnan,678-861-4347,6352 Eggendart Plaza,Duluth,GA,30195
500,Roz,Dilon,412-301-9662,787 Basil Court,Pittsburgh,PA,15240
501,Tess,Collingridge,361-240-5930,59 Lawn Way,Corpus Christi,TX,78426
502,Charleen,Angove,813-270-9285,61030 Bunker Hill Parkway,Tampa,FL,33680
503,Jacinthe,Avis,502-636-9609,41 High Crossing Parkway,Frankfort,KY,40618
504,Shirl,Peet,202-632-2419,54861 Golf Course Pass,Washington,DC,20599
505,Midge,Halpine,806-418-4934,4 Beilfuss Pass,Amarillo,TX,79182
506,Miles,Sidebottom,214-990-4454,861 Colorado Way,Dallas,TX,75372
507,Sal,Beslier,251-463-5168,03 Dovetail Lane,Mobile,AL,36641
508,Ricki,Tarquinio,808-869-1355,79784 Northland Circle,Honolulu,HI,96845
509,Catherine,Chadwyck,626-478-2659,57231 Forest Run Road,Van Nuys,CA,91411
510,Magdalen,Fairbourn,202-747-7441,34274 Mcguire Drive,Washington,DC,20546
511,Buddy,Spoole,701-894-8214,14 Brown Plaza,Grand Forks,ND,58207
512,Maude,Jodlkowski,712-143-9442,2916 Union Alley,Omaha,NE,68134
513,Padgett,Reinmar,210-903-5490,6 Kenwood Drive,San Antonio,TX,78285
514,Pablo,Pawlaczyk,212-703-4012,0 Buell Circle,New York City,NY,10203
515,Devin,De Malchar,214-818-2728,0 Kim Place,Dallas,TX,75323
516,Krishnah,Gigg,502-329-6433,92148 Hanson Junction,Louisville,KY,40210
517,Fredric,Bertholin,503-363-6656,22762 Anthes Lane,Portland,OR,97229
518,Enriqueta,Grigoliis,360-924-8709,779 Luster Place,Olympia,WA,98506
519,Sonnnie,Spain-Gower,917-148-0230,8 Coleman Trail,New York City,NY,10024
520,Hall,Humerstone,704-279-9231,0716 Golf Alley,Charlotte,NC,28256
521,Hyman,Kennerley,303-504-3204,3 Eliot Hill,Denver,CO,80270
522,Becca,Brownsea,504-126-9465,3867 Bellgrove Street,New Orleans,LA,70187
523,Alla,Antonowicz,319-801-0182,9114 Linden Alley,Cedar Rapids,IA,52405
524,Candis,Blemen,814-965-8962,895 Village Green Street,Erie,PA,16505
525,Collen,Lang,239-192-7203,279 Elka Terrace,Cape Coral,FL,33915
526,Margette,Sallarie,516-724-1877,1 Prentice Circle,Jamaica,NY,11407
527,Adham,Allcoat,334-587-1495,23353 Spohn Crossing,Montgomery,AL,36104
528,Daren,Kitman,918-591-0639,887 Macpherson Plaza,Tulsa,OK,74133
529,Kristofer,Yoodall,615-785-3785,6619 7th Circle,Nashville,TN,37240
530,Rand,Brigge,754-434-3458,63613 Holy Cross Court,Pompano Beach,FL,33075
531,Isacco,Bottrell,212-234-6803,3471 Continental Road,Brooklyn,NY,11247
532,Dreddy,Gallamore,915-827-5203,938 Birchwood Park,El Paso,TX,88541
533,Katherine,Luddy,731-277-7098,188 Springs Hill,Jackson,TN,38308
534,Shandee,Capstake,202-782-5217,5 Westend Alley,Washington,DC,20215
535,Ruttger,Kilmary,816-927-0461,883 Eastwood Crossing,Kansas City,MO,64144
536,Jacquenetta,Cavill,212-974-6102,3421 Fulton Center,Brooklyn,NY,11254
537,Caz,Greenalf,203-712-5216,70 Independence Plaza,Norwalk,CT,06859
538,Mel,Posnette,919-811-0814,961 Marcy Plaza,Raleigh,NC,27690
539,Jillie,Torrijos,504-251-1627,68 Caliangt Alley,New Orleans,LA,70116
540,Humberto,Billyard,615-391-3611,26031 Calypso Circle,Nashville,TN,37235
541,Malinde,Krysiak,814-395-2521,2 Rutledge Pass,Erie,PA,16565
542,Benton,Spellman,937-574-7465,5823 West Center,Dayton,OH,45470
543,Andrea,Coda,754-174-7518,3712 Fairview Trail,Fort Lauderdale,FL,33345
544,Arlena,Beddall,203-550-3279,0 Upham Park,New Haven,CT,06520
545,Mabel,Battey,404-838-1632,35 Sherman Street,Atlanta,GA,31106
546,Harwilll,Clayal,607-359-0053,13656 Forest Dale Place,Elmira,NY,14905
547,Ulises,Eliasen,808-391-7561,6 Orin Park,Honolulu,HI,96835
548,Dniren,Linck,801-614-1778,0 Burrows Park,Salt Lake City,UT,84152
549,Karmen,Demonge,210-364-7711,45 Vahlen Parkway,San Antonio,TX,78210
550,Patrice,Chesswas,205-359-6214,475 Johnson Park,Birmingham,AL,35242
551,Nalani,Figure,210-148-8737,01354 Sundown Hill,San Antonio,TX,78210
552,Katinka,de Chastelain,806-477-1979,90 Saint Paul Center,Lubbock,TX,79452
553,Lonnard,Benadette,918-788-5587,16180 Hovde Drive,Tulsa,OK,74108
554,Quinton,Mogridge,281-544-3730,66 Moulton Point,Houston,TX,77085
555,Tonya,Pafford,254-678-8860,51522 Hallows Crossing,Waco,TX,76796
556,Noam,Castelain,907-260-2078,741 Crescent Oaks Avenue,Anchorage,AK,99507
557,Cash,Pegram,205-734-9882,78 Main Terrace,Birmingham,AL,35231
558,Myer,Playle,913-492-4095,5 Sunnyside Crossing,Shawnee Mission,KS,66225
559,Sherm,Starte,201-814-5850,195 Mcbride Street,Paterson,NJ,07522
560,Loree,Davidovich,407-293-4886,506 Cherokee Circle,Orlando,FL,32859
561,Saundra,Walshaw,603-606-4875,818 Hagan Way,Manchester,NH,03105
562,Pris,Crockford,301-346-1014,72599 Melby Place,Hyattsville,MD,20784
563,Noble,Alam,773-545-4186,3080 Brentwood Trail,Chicago,IL,60641
564,Bernadine,Doram,202-387-6361,8 Swallow Alley,Washington,DC,20430
565,Isa,Grayer,269-673-4174,1 Sycamore Plaza,Kalamazoo,MI,49048
566,Bunny,Jankovsky,859-568-9688,59192 Hayes Place,Lexington,KY,40510
567,Anabel,Candie,504-689-3503,75352 Dunning Crossing,New Orleans,LA,70187
568,Skipper,Titford,773-792-0496,61 Mayer Way,Chicago,IL,60636
569,Zahara,Sokill,585-114-5877,8853 Mandrake Plaza,Rochester,NY,14652
570,Norry,Stanmore,330-154-6758,4395 Oak Valley Terrace,Canton,OH,44760
571,Sancho,O'Keevan,513-272-2051,464 Steensland Center,Cincinnati,OH,45296
572,Bartel,Denial,302-533-9170,62 Lukken Trail,Newark,DE,19714
573,Kimble,Clemow,212-741-3763,81602 Bellgrove Terrace,New York City,NY,10131
574,Riccardo,Terzo,863-474-0875,99473 Hollow Ridge Terrace,Lakeland,FL,33811
575,Kirstin,Tong,515-794-8494,84592 Mallory Point,Des Moines,IA,50330
576,Clim,Pointon,702-499-1290,06531 Shoshone Point,Las Vegas,NV,89110
577,Frants,Sharrard,920-950-0817,366 Hudson Parkway,Appleton,WI,54915
578,Reggie,Nehls,202-206-3384,07173 Meadow Vale Road,Washington,DC,20016
579,Vonnie,Mantione,915-567-1047,616 Sauthoff Pass,El Paso,TX,79934
580,Didi,Pratten,281-196-9271,9842 Banding Circle,Galveston,TX,77554
581,Tedda,Embury,813-425-9462,20 Pierstorff Circle,Zephyrhills,FL,33543
582,Carling,Ruane,585-971-0894,4943 Village Road,Rochester,NY,14604
583,Gleda,Hadgraft,254-920-0506,4873 Daystar Drive,Killeen,TX,76544
584,Bendite,Clack,605-593-7777,3949 Doe Crossing Court,Sioux Falls,SD,57110
585,Budd,Gronauer,404-167-6071,473 Dottie Road,Atlanta,GA,31132
586,Jake,Armall,661-247-8926,4457 Packers Avenue,Bakersfield,CA,93399
587,Giuditta,Brisson,717-466-0990,1003 Thierer Park,Harrisburg,PA,17105
588,Charlotte,D'Oyley,413-361-8673,118 Onsgard Court,Springfield,MA,01152
589,Iorgo,Melan,775-565-0832,13534 Forest Run Terrace,Reno,NV,89550
590,Broderick,Legier,712-928-2965,3 David Terrace,Sioux City,IA,51105
591,Siffre,Pannett,619-355-7810,8 Katie Court,San Diego,CA,92191
592,Darell,Linney,305-332-5005,23 Crescent Oaks Lane,Miami,FL,33147
593,Currey,Jorioz,480-265-9562,23137 Pond Park,Scottsdale,AZ,85255
594,Rawley,Brunicke,202-512-8504,433 Loomis Parkway,Washington,DC,20029
595,Janette,Harriskine,916-670-6181,392 Dryden Terrace,Sacramento,CA,94257
596,Eleanora,Kacheller,808-858-3866,624 Anderson Avenue,Honolulu,HI,96825
597,Lorri,Abbott,916-196-0071,9951 Quincy Terrace,Sacramento,CA,94286
598,Karlan,Scotfurth,419-455-9332,3 Coleman Court,Toledo,OH,43635
599,Jacki,Salamon,213-542-0547,93681 Glacier Hill Point,North Hollywood,CA,91616
600,Nikki,Scryne,504-572-4092,57 Buena Vista Street,New Orleans,LA,70165
601,Felicle,Klimke,402-764-5481,28379 Dryden Point,Omaha,NE,68117
602,Reggie,Rabier,254-821-5878,72962 Beilfuss Trail,Gatesville,TX,76598
603,Xever,Itzcovich,810-138-7689,54271 Dexter Street,Flint,MI,48505
604,Bendicty,Chillingsworth,234-638-4140,22669 Dakota Drive,Akron,OH,44393
605,Fabio,Slater,516-289-9437,1708 Logan Pass,Port Washington,NY,11054
606,Eden,Freeman,860-184-3720,383 Autumn Leaf Crossing,Hartford,CT,06183
607,Thorny,Tolcher,619-327-1448,94638 Kropf Point,San Diego,CA,92137
608,Heather,Campaigne,714-440-3422,9 Caliangt Alley,Irvine,CA,92710
609,Jeni,Trehearn,412-988-8690,3562 Bobwhite Trail,Pittsburgh,PA,15286
610,Teresina,Winnard,540-113-8398,02 Summit Lane,Fredericksburg,VA,22405
611,Lorianne,Lawes,406-182-2178,0 Dahle Circle,Billings,MT,59112
612,Graeme,Jonas,410-655-8071,0 Bayside Trail,Baltimore,MD,21282
613,Shaughn,Hanley,480-518-9304,3 Delladonna Lane,Scottsdale,AZ,85271
614,Shalom,Hiskey,281-995-3100,0145 Southridge Circle,Houston,TX,77293
615,Torrey,Karle,347-672-7847,8 Monica Court,Brooklyn,NY,11210
616,Rowen,Loddon,202-967-6563,04 Nevada Terrace,Washington,DC,20414
617,Rustie,Puttock,917-975-0379,1 International Lane,New York City,NY,10280
618,Carver,Shetliff,727-209-5875,45 Rigney Plaza,Clearwater,FL,34620
619,Lula,King,520-109-1872,05052 Scoville Lane,Tucson,AZ,85748
620,Annabelle,Amner,615-623-5012,5405 Ramsey Lane,Nashville,TN,37220
621,Angelique,Hobbert,850-753-3996,60078 Center Terrace,Pensacola,FL,32511
622,Tobiah,Lighten,410-243-5507,45868 Schmedeman Way,Annapolis,MD,21405
623,Elroy,Fishly,404-937-0456,467 Bunker Hill Crossing,Atlanta,GA,30386
624,Klarrisa,Thorius,775-801-3397,45 Park Meadow Pass,Reno,NV,89519
625,Tan,Linguard,209-875-2495,73874 Scofield Place,Fresno,CA,93726
626,Wilhelm,Fant,704-653-1244,5576 Darwin Point,Charlotte,NC,28256
627,Elissa,Pitkeathley,205-965-2158,945 Banding Plaza,Tuscaloosa,AL,35487
628,Cristina,Wroe,210-494-6827,4456 Bayside Crossing,San Antonio,TX,78278
629,Calida,Helgass,719-822-3762,3 Gale Lane,Colorado Springs,CO,80951
630,Noland,De Beneditti,402-723-6729,2 Elmside Place,Omaha,NE,68144
631,Aundrea,Philippeaux,404-239-3893,8 Truax Point,Atlanta,GA,30386
632,Rubin,Innman,317-133-4803,28 Leroy Street,Indianapolis,IN,46239
633,Drucill,Lovelock,213-313-0344,95 Glendale Crossing,Los Angeles,CA,90055
634,Joanna,Chuck,479-545-5098,41092 Mccormick Trail,Fort Smith,AR,72916
635,Trixie,Stainton - Skinn,402-367-1565,81 South Court,Omaha,NE,68144
636,Maggy,Billam,928-226-9812,4148 Red Cloud Pass,Phoenix,AZ,85025
637,Beatrice,Hardistry,212-508-4161,27191 Barby Circle,New York City,NY,10079
638,Emelyne,Itshak,402-386-9056,653 Burrows Lane,Lincoln,NE,68524
639,Clay,Cannavan,419-967-1197,98 Esker Alley,Toledo,OH,43656
640,Lenette,Beacroft,303-977-5481,21506 Doe Crossing Trail,Denver,CO,80228
641,Trish,Reston,859-692-6841,06039 Menomonie Avenue,Lexington,KY,40586
642,Kaitlyn,Heikkinen,402-779-6447,4392 Derek Place,Lincoln,NE,68517
643,Jeramie,Gyles,405-508-7927,995 Dixon Circle,Oklahoma City,OK,73109
644,Franklyn,Pipet,212-520-9524,03 Loomis Street,New York City,NY,10029
645,Harlene,Maw,502-811-7626,020 Fair Oaks Crossing,Louisville,KY,40293
646,Hobart,Braycotton,865-240-7873,88 Prairie Rose Street,Knoxville,TN,37939
647,Marinna,Burwood,646-546-5017,210 Sundown Alley,Brooklyn,NY,11205
648,Peggie,Spaunton,714-678-9907,4293 Claremont Circle,Fullerton,CA,92835
649,Valry,Mortlock,816-553-4409,1 Sullivan Circle,Kansas City,MO,64101
650,Marlene,Faloon,478-213-0886,150 Westport Avenue,Macon,GA,31217
651,Ulrica,Dine-Hart,772-876-8565,5052 Hazelcrest Alley,Fort Pierce,FL,34981
652,Joane,Norville,763-205-7168,6689 Jackson Drive,Monticello,MN,55585
653,Mina,Spurr,918-856-0147,8751 Sugar Court,Tulsa,OK,74170
654,Bendite,Petel,217-967-2512,522 West Hill,Springfield,IL,62794
655,Cyndia,Pavkovic,573-823-9363,59 Bunting Court,Columbia,MO,65218
656,Gillian,Hanbury,202-946-8901,6358 Toban Road,Washington,DC,20067
657,Cullan,Hinkens,202-407-2055,89519 Emmet Plaza,Washington,DC,56944
658,Katha,Folker,605-184-9800,88 Hooker Trail,Sioux Falls,SD,57110
659,Consuelo,Barrar,845-534-7046,33426 Bayside Terrace,White Plains,NY,10606
660,Sherill,Rymill,225-605-5087,050 Hoard Parkway,Baton Rouge,LA,70836
661,Saul,Campany,702-468-3588,386 Redwing Pass,Las Vegas,NV,89145
662,Zabrina,Tomovic,903-587-9710,75178 Melby Junction,Tyler,TX,75705
663,Alyss,Abrahamsson,816-619-8337,1 Coleman Avenue,Kansas City,MO,64144
664,Curtis,Chittenden,816-997-7956,87445 Nobel Park,Kansas City,MO,64101
665,Elsy,Lasseter,941-259-8352,06545 Nancy Plaza,Bonita Springs,FL,34135
666,Kent,Mirralls,817-396-1643,96779 Forster Junction,Fort Worth,TX,76129
667,Kaye,Axten,682-745-4715,6664 Morrow Center,Fort Worth,TX,76198
668,Cam,Oades,862-236-8547,516 Pepper Wood Way,Newark,NJ,07188
669,Lauree,Heaker,865-565-5106,831 Debs Alley,Knoxville,TN,37914
670,Rudiger,Strain,716-375-7043,44 Hagan Court,Buffalo,NY,14276
671,Delmor,Whetton,515-140-1663,86 Nevada Place,Des Moines,IA,50305
672,Davita,Dumbreck,254-819-4351,6 Fuller Point,Waco,TX,76705
673,Yalonda,Cannicott,619-384-2714,73944 Brickson Park Junction,San Diego,CA,92160
674,Dulsea,Bockh,404-490-8695,9758 Morningstar Crossing,Atlanta,GA,31106
675,Karyn,Ahmed,818-759-7849,6 Vahlen Park,Santa Monica,CA,90405
676,Daniela,Cushworth,317-114-8486,150 Quincy Avenue,Indianapolis,IN,46278
677,Romain,Audenis,509-212-9791,12 Donald Parkway,Spokane,WA,99252
678,Ainslie,Esposito,915-379-1432,01 Hermina Drive,El Paso,TX,88584
679,Toby,Yoselevitch,806-205-5414,733 Rigney Lane,Lubbock,TX,79410
680,Arlene,Taffe,202-944-3711,481 Dovetail Lane,Washington,DC,20397
681,Constantina,Reinert,212-216-8496,5550 Oneill Road,New York City,NY,10170
682,Galina,Haycraft,215-192-7404,1723 Macpherson Alley,Philadelphia,PA,19191
683,Emery,Janway,602-606-3778,68815 Golf View Street,Phoenix,AZ,85053
684,Celka,Trubshaw,808-193-6470,074 Kings Parkway,Honolulu,HI,96850
685,Gerrie,Ashwood,202-280-3169,14 Spaight Road,Washington,DC,20268
686,Erina,Streak,661-499-3301,878 Arkansas Crossing,Burbank,CA,91505
687,Charo,Matuszyk,858-706-4897,12402 Stang Junction,San Diego,CA,92132
688,Ailina,Scougall,303-556-1646,0 Johnson Point,Denver,CO,80223
689,Shelli,Cockshot,214-992-2761,95 Stuart Plaza,Dallas,TX,75367
690,Amabelle,Dadge,423-433-4952,65 Huxley Center,Chattanooga,TN,37410
691,Calv,Addlestone,513-246-4451,53784 Ruskin Place,Cincinnati,OH,45208
692,Zach,McGerraghty,760-218-3665,141 New Castle Terrace,Escondido,CA,92030
693,Alard,McGuiney,419-954-2060,231 Mockingbird Road,Toledo,OH,43635
694,Dario,Mattedi,214-478-5444,8 Cardinal Drive,Dallas,TX,75216
695,Archibald,Deplacido,520-752-8487,2692 Hoffman Terrace,Tucson,AZ,85705
696,Roscoe,Ferrolli,847-589-4289,8778 Eagle Crest Hill,Chicago,IL,60630
697,Lewiss,Pitcock,719-269-2716,9 Boyd Court,Denver,CO,80209
698,Winna,Lubomirski,210-692-8452,921 Barnett Terrace,San Antonio,TX,78296
699,Gerhardt,Casini,614-202-4671,8598 Sunbrook Place,Columbus,OH,43204
700,Alexio,Akroyd,904-660-6524,507 Hudson Drive,Jacksonville,FL,32215
701,Tamara,Grinvalds,612-931-6703,0092 Northview Trail,Minneapolis,MN,55423
702,Stafford,Killick,504-364-0377,2 Green Ridge Drive,New Orleans,LA,70160
703,Nicoline,Maidment,408-517-9209,36 Tennessee Drive,San Jose,CA,95194
704,Pavel,Bercevelo,801-772-5333,126 Maywood Court,Salt Lake City,UT,84140
705,Devi,Berthe,619-282-8471,929 Melby Terrace,San Diego,CA,92137
706,Jake,Kenealy,352-266-6959,8 Talmadge Way,Ocala,FL,34474
707,Lari,Stallibrass,757-682-0548,80687 Spaight Point,Chesapeake,VA,23324
708,Christel,McMurray,304-140-5107,3245 Doe Crossing Park,Huntington,WV,25711
709,Rosy,Niese,904-982-3990,717 Blackbird Court,Jacksonville,FL,32236
710,Devin,Govini,202-517-0342,4 Kropf Hill,Washington,DC,20380
711,Baxter,Martinez,215-673-4752,2482 Golden Leaf Place,Philadelphia,PA,19131
712,Lazaro,Palleske,540-600-3060,1 Quincy Drive,Roanoke,VA,24020
713,Lottie,Blakeney,203-419-2393,811 Dennis Court,Waterbury,CT,06705
714,Willie,Watsam,202-872-4635,76 Morrow Terrace,Washington,DC,20470
715,Bibbye,Sewley,520-946-2436,1795 Bashford Avenue,Tucson,AZ,85710
716,Dorie,Meese,573-721-6724,0 Derek Park,Jefferson City,MO,65110
717,Conni,Loosely,808-900-6435,57 Old Shore Circle,Honolulu,HI,96850
718,Charla,Phizakarley,520-213-0076,78 Cody Center,Tucson,AZ,85720
719,Auguste,Glader,515-657-5525,554 Gulseth Court,Des Moines,IA,50369
720,Hayden,Nichol,561-509-1886,13692 Victoria Court,West Palm Beach,FL,33416
721,Maure,Tumasian,716-752-6354,25 Westend Place,Buffalo,NY,14276
722,Toiboid,Korpal,352-608-2639,1832 Paget Junction,Spring Hill,FL,34611
723,Damian,Casperri,626-813-5155,8 Coleman Park,Pasadena,CA,91125
724,Oates,O'Dunniom,202-924-5769,9092 Bultman Trail,Washington,DC,20310
725,Tristam,McGauhy,215-273-1033,33896 Grayhawk Point,Philadelphia,PA,19160
726,Hedvige,Kennaway,312-796-7894,43382 Rockefeller Drive,Chicago,IL,60697
727,Perrine,Longworthy,214-175-5237,1580 Sheridan Parkway,Houston,TX,77005
728,Rayna,Champken,901-155-2241,5544 3rd Drive,Memphis,TN,38136
729,Dewain,Sowood,407-460-7603,7622 Montana Pass,Orlando,FL,32868
730,Sydney,Gauge,203-813-1835,8163 John Wall Junction,Stamford,CT,06905
731,Yolanthe,Manus,803-702-9609,38 Dovetail Point,Columbia,SC,29220
732,Carmelina,Elizabeth,210-917-0312,2 Gale Junction,San Antonio,TX,78215
733,Neille,Wand,510-670-7579,861 Goodland Court,Berkeley,CA,94712
734,Anabel,Goatcher,203-906-1210,8738 Stuart Park,Stamford,CT,06912
735,Benoit,Ruggiero,352-423-7284,55 Fremont Junction,Brooksville,FL,34605
736,Flory,Sange,304-413-3420,5769 Blaine Point,Huntington,WV,25721
737,Eudora,MacPake,352-397-0285,62404 Rusk Point,Gainesville,FL,32627
738,Norrie,Robyns,818-122-0447,2 Carey Terrace,Glendale,CA,91210
739,Consalve,Lemme,718-373-8367,6 Ridge Oak Alley,New York City,NY,10004
740,Sibel,Merrell,409-717-9411,69 Beilfuss Parkway,Beaumont,TX,77705
741,Linc,O'Leahy,407-973-7982,96 Claremont Alley,Winter Haven,FL,33884
742,Blondie,Cargo,857-966-5424,378 Mockingbird Place,Boston,MA,02114
743,Ninette,Heed,865-802-4825,3123 Arapahoe Street,Knoxville,TN,37931
744,Pet,Espie,901-298-5010,723 Doe Crossing Crossing,Memphis,TN,38161
745,Evvy,Fessby,915-767-0946,88281 Coleman Road,El Paso,TX,88535
746,Martelle,Schafer,937-946-7232,3187 Sommers Plaza,Dayton,OH,45403
747,Rivalee,Jirak,502-776-2599,201 Amoth Alley,Louisville,KY,40298
748,Caryl,Rowe,239-536-9982,1 Mendota Point,Fort Myers,FL,33994
749,Pieter,Sewart,786-804-6131,2 Marcy Trail,Miami,FL,33124
750,Keri,Besnardeau,804-764-9600,57977 Starling Plaza,Richmond,VA,23213
751,Elyn,Houdmont,757-812-5292,16490 Banding Hill,Norfolk,VA,23504
752,Urbain,Delacoste,585-869-3056,97 Old Shore Street,Rochester,NY,14652
753,Abbye,Mucklestone,303-410-2888,4695 Boyd Alley,Aurora,CO,80045
754,Shela,Pawlik,571-778-9055,1653 East Road,Arlington,VA,22212
755,Deeann,Pritchett,757-772-7650,768 Buena Vista Center,Hampton,VA,23663
756,Fernandina,Kalvin,808-804-3279,838 Crest Line Point,Honolulu,HI,96825
757,Rosa,Secretan,702-874-2845,0862 Michigan Park,Las Vegas,NV,89135
758,Cahra,Blandamore,720-978-9328,56443 Moland Circle,Denver,CO,80241
759,Karry,Phettiplace,336-526-1329,7313 Manitowish Pass,Greensboro,NC,27409
760,Mayor,Jewel,914-572-0493,45 Drewry Center,Mount Vernon,NY,10557
761,Davita,Kettley,865-661-0528,47 Charing Cross Terrace,Knoxville,TN,37919
762,Yanaton,Goodayle,202-517-6985,53034 Kingsford Junction,Washington,DC,20535
763,Carley,Kliner,513-786-4286,208 Fair Oaks Plaza,Cincinnati,OH,45249
764,Dre,Doorbar,915-371-4595,5722 Village Green Place,El Paso,TX,79989
765,Merrie,Mackley,909-234-0326,9 Banding Plaza,San Bernardino,CA,92405
766,Ag,Bradman,602-852-8588,81066 Ohio Crossing,Chandler,AZ,85246
767,Ross,Belfitt,612-496-9792,5 Dwight Plaza,Minneapolis,MN,55448
768,Gianna,Bunney,216-952-0632,45 Marquette Parkway,Cleveland,OH,44118
769,Gino,Dummer,504-568-2972,945 Bunker Hill Place,New Orleans,LA,70165
770,Emmy,Zamudio,816-315-5319,426 Moulton Road,Kansas City,MO,64149
771,Jim,Noad,718-990-2573,685 7th Crossing,Flushing,NY,11388
772,Judi,Aspray,516-351-6260,9 Katie Center,Jamaica,NY,11407
773,Gertrudis,Bradock,617-111-8021,28773 Elgar Lane,Boston,MA,02216
774,Ben,O'Howbane,520-881-9348,93 Chive Point,Tucson,AZ,85705
775,Marius,Flipek,574-589-6726,9 Prentice Street,South Bend,IN,46699
776,Luce,Tatersale,612-722-8776,176 Kings Crossing,Saint Paul,MN,55114
777,Lorita,MacLise,317-914-8133,70 Grayhawk Way,Indianapolis,IN,46221
778,Lorrayne,Pretorius,513-288-9379,7 Gulseth Point,Cincinnati,OH,45249
779,Boy,Flewitt,330-132-9347,434 Crest Line Way,Akron,OH,44305
780,Carlita,des Remedios,423-629-4415,562 Clyde Gallagher Point,Chattanooga,TN,37450
781,Paton,Breadon,814-999-9453,63 Monterey Hill,Erie,PA,16510
782,Bartie,Rillatt,302-467-9441,02871 Fairview Place,Wilmington,DE,19810
783,Tatiana,Kensley,609-505-1798,5951 Golf Course Drive,Trenton,NJ,08608
784,Abigale,Abbis,804-393-9746,26442 Ramsey Park,Richmond,VA,23285
785,Thaxter,Limmer,206-165-2137,6592 Fordem Crossing,Seattle,WA,98195
786,Astrix,Simper,516-407-5891,44 Dakota Park,Port Washington,NY,11054
787,Tanya,Innerstone,803-519-9595,2 Anderson Avenue,Columbia,SC,29220
788,Florencia,Dutch,505-679-8173,4873 Oak Valley Center,Albuquerque,NM,87105
789,Quill,Bestwerthick,404-366-4971,5734 John Wall Street,Gainesville,GA,30506
790,Alejandra,De Bruin,205-731-7263,20 Blaine Crossing,Birmingham,AL,35285
791,Mikael,Colclough,512-929-0605,83 David Pass,Austin,TX,78769
792,Cosimo,Sidnell,305-579-8842,0899 Coleman Way,Miami,FL,33129
793,Bard,Klement,612-775-8887,72 Buena Vista Drive,Minneapolis,MN,55480
794,Dot,Fillan,810-193-2901,0 Spohn Parkway,Warren,MI,48092
795,Bertrand,Drinkale,317-531-0624,43026 Packers Crossing,Indianapolis,IN,46266
796,Lani,Connichie,940-606-1143,829 Evergreen Alley,Denton,TX,76210
797,Prentiss,Kubica,719-736-5843,3 Montana Hill,Colorado Springs,CO,80935
798,Kendricks,Geck,319-841-3768,860 Brickson Park Court,Waterloo,IA,50706
799,Bunny,Matisse,913-124-8022,276 Doe Crossing Drive,Kansas City,KS,66112
800,Jeralee,Aslen,850-276-7275,55 Spaight Lane,Panama City,FL,32412
801,Desirae,Allridge,337-349-0330,18993 Hollow Ridge Circle,Lafayette,LA,70505
802,Crysta,Pitkins,202-209-8845,957 Johnson Road,Washington,DC,20599
803,Perla,Blanchette,314-205-4221,66224 Graedel Center,Saint Louis,MO,63136
804,Thornie,Penhallurick,713-317-8672,102 Twin Pines Lane,Houston,TX,77218
805,Krystal,Caughtry,615-680-2801,60904 David Court,Nashville,TN,37220
806,Hewie,Polamontayne,805-352-1738,944 Sheridan Way,Ventura,CA,93005
807,Whittaker,Beininck,661-628-6910,6 Debs Plaza,Bakersfield,CA,93381
808,Ema,Charteris,623-253-7149,42236 Independence Drive,Phoenix,AZ,85025
809,Freddie,Biddle,515-594-2335,99847 Prairie Rose Way,Des Moines,IA,50981
810,Aloise,Piatto,214-219-6571,83 Red Cloud Court,Dallas,TX,75323
811,Belinda,Fedorchenko,251-457-7682,410 Melrose Avenue,Mobile,AL,36641
812,Krystalle,Cella,951-436-1684,60 South Way,Corona,CA,92878
813,Eden,Zanre,209-102-4434,40 Lukken Lane,Modesto,CA,95397
814,Balduin,Matissoff,405-612-8640,3 Starling Street,Oklahoma City,OK,73190
815,Uri,Ault,202-747-4259,0425 Hoepker Crossing,Washington,DC,20557
816,Bendix,Woofinden,337-153-3147,92152 Carey Court,Lafayette,LA,70505
817,Christophe,Betjes,952-732-3294,94 Anhalt Trail,Maple Plain,MN,55579
818,Anneliese,Bendix,915-190-8875,50400 Delaware Plaza,El Paso,TX,88530
819,Luca,Marvelley,240-629-5711,06703 Blue Bill Park Point,Hagerstown,MD,21747
820,Jake,Spraging,682-790-2517,357 Hazelcrest Parkway,Fort Worth,TX,76178
821,Cordy,Reuble,806-702-6045,737 Hoffman Place,Lubbock,TX,79410
822,Dinah,Renols,513-762-2821,3603 Truax Place,Cincinnati,OH,45208
823,Clay,Tett,267-479-6660,0 Waubesa Pass,Philadelphia,PA,19136
824,Winne,Lindeman,616-567-9465,27 Golf Course Alley,Grand Rapids,MI,49518
825,Melodee,Pilmoor,484-300-0785,4 Mosinee Way,Valley Forge,PA,19495
826,Izzy,Monk,215-827-9146,96 Thackeray Crossing,Philadelphia,PA,19104
827,Fiorenze,Casserley,858-645-3580,22995 Rutledge Center,San Diego,CA,92132
828,Ryley,Djorvic,402-676-3631,329 Melvin Trail,Lincoln,NE,68524
829,Channa,Scullin,210-632-7876,0 Lien Circle,San Antonio,TX,78285
830,Saunders,Sails,916-377-0790,72048 Springview Circle,Sacramento,CA,94245
831,Rosalia,Ancell,216-654-0997,12 Pleasure Hill,Cleveland,OH,44105
832,Karisa,Dax,757-363-0718,79348 Gulseth Point,Newport News,VA,23605
833,Nikos,Kliment,914-484-8970,8 7th Crossing,Mount Vernon,NY,10557
834,Claudette,Downes,412-404-2684,687 Westridge Avenue,Mc Keesport,PA,15134
835,Jourdan,Leadbetter,214-697-1215,6 Del Mar Alley,Dallas,TX,75287
836,Sisile,Kelly,772-295-6882,83005 Burrows Trail,Vero Beach,FL,32964
837,Abraham,Norree,214-474-2600,39 Schlimgen Hill,Dallas,TX,75260
838,Beauregard,Beevens,813-634-3014,72 Trailsway Crossing,Tampa,FL,33620
839,Garv,Marl,404-476-5433,490 Sugar Parkway,Atlanta,GA,30336
840,Willdon,Dullard,601-578-4596,5 Hermina Avenue,Jackson,MS,39204
841,Kristo,Rudgard,719-161-3845,94870 Sugar Alley,Colorado Springs,CO,80945
842,Johnnie,Sergeaunt,919-549-9045,81724 Hermina Junction,Raleigh,NC,27690
843,Menard,Astman,202-848-9502,53 Bultman Circle,Washington,DC,20036
844,Martie,Braffington,434-175-8427,4563 Grayhawk Pass,Manassas,VA,22111
845,Emmanuel,Woolmore,913-565-1310,907 Old Gate Road,Kansas City,KS,66105
846,Jacklyn,Varlow,612-534-5607,8 Melody Place,Saint Paul,MN,55127
847,Caryl,Marfell,706-900-2877,91 Troy Drive,Athens,GA,30605
848,Mattie,Aldiss,619-284-1814,80352 Cottonwood Avenue,San Diego,CA,92165
849,Celia,Gilfoy,202-505-3560,0999 Tomscot Pass,Washington,DC,20525
850,Tymon,Sherebrooke,305-391-4452,86127 Talmadge Drive,Naples,FL,33961
851,Budd,Kleine,303-886-0799,3 American Place,Boulder,CO,80310
852,Broderic,Weavill,918-592-9086,120 Jay Circle,Tulsa,OK,74156
853,Nat,Spire,754-199-5979,87 Prentice Circle,Pompano Beach,FL,33069
854,Jourdan,Kinson,910-495-9881,18 Killdeer Park,Fayetteville,NC,28314
855,Robinet,Meineck,571-524-5643,87 Rockefeller Place,Arlington,VA,22244
856,Joeann,Harpham,210-481-8682,31867 Garrison Hill,San Antonio,TX,78265
857,Bruis,Goodboddy,267-614-0127,1 Mosinee Place,Levittown,PA,19058
858,Welbie,Jollye,704-887-7433,9 Lukken Place,Charlotte,NC,28220
859,Meagan,Chinery,720-959-7531,2246 Wayridge Road,Denver,CO,80241
860,Klarika,Syde,917-659-8562,2110 Parkside Plaza,Jamaica,NY,11436
861,Laetitia,Boys,917-904-6117,2 Esch Circle,Brooklyn,NY,11231
862,Adah,Glandfield,507-931-0722,5268 Upham Alley,Rochester,MN,55905
863,Conway,Rangle,720-230-6094,2973 Troy Alley,Littleton,CO,80161
864,Tracey,Rolls,615-410-2662,5 Loeprich Road,Nashville,TN,37235
865,Lou,Cranstoun,212-649-9154,36 Veith Way,New York City,NY,10275
866,Dion,McEwan,407-617-8145,14108 Sullivan Road,Kissimmee,FL,34745
867,Nannie,Younglove,915-826-6131,9534 Golf Course Center,El Paso,TX,88579
868,Carlos,Beake,202-488-9920,003 Raven Pass,Washington,DC,20260
869,Neda,Carncross,915-952-6804,5 Bay Hill,El Paso,TX,88546
870,Durand,Perse,916-209-5145,9773 Hoard Court,Sacramento,CA,94297
871,Alford,Wogden,203-370-7201,0 Warbler Avenue,Waterbury,CT,06726
872,Hugo,Humbatch,817-394-8304,58 Northwestern Point,Fort Worth,TX,76129
873,Ashley,Coombs,651-942-9430,2480 Morning Street,Saint Paul,MN,55188
874,Rudolfo,Frederick,480-892-9642,837 Anzinger Plaza,Phoenix,AZ,85015
875,Abran,Atwater,432-796-6865,2514 Oneill Plaza,Odessa,TX,79764
876,Julee,Zukerman,907-339-0362,4146 Gale Avenue,Anchorage,AK,99599
877,Nomi,Stutter,412-798-1680,7 Dottie Alley,Pittsburgh,PA,15261
878,Bale,Skeene,812-775-1405,95323 Sherman Way,Evansville,IN,47712
879,Corilla,Lednor,405-746-8105,38 Hayes Terrace,Oklahoma City,OK,73109
880,Joey,Sidey,530-146-9026,51 Truax Avenue,Sacramento,CA,95833
881,Hi,Seamark,518-825-2164,940 School Drive,Albany,NY,12237
882,Nappy,Millott,770-981-0095,51 Sycamore Street,Marietta,GA,30061
883,Quinlan,Aingell,865-526-3551,72 Hudson Center,Knoxville,TN,37914
884,Ernesta,Sunock,206-134-8694,6977 Mosinee Junction,Seattle,WA,98127
885,Leroy,Thompstone,540-648-0760,8 Marcy Way,Roanoke,VA,24004
886,Wildon,Kineton,716-270-0784,4 6th Park,Buffalo,NY,14263
887,Ruthie,Deppen,702-829-3818,677 Sutherland Road,North Las Vegas,NV,89036
888,Kassandra,Beckley,337-747-5382,30 Gateway Way,Lafayette,LA,70593
889,Dallis,Summerton,718-835-3523,5736 Sage Hill,Jamaica,NY,11470
890,Jessalin,Cankett,775-565-0452,68 Elmside Circle,Carson City,NV,89706
891,Christie,Comizzoli,213-185-3686,66849 Blaine Court,Los Angeles,CA,90087
892,Georgetta,Bloyes,757-542-0222,3603 Schlimgen Place,Herndon,VA,22070
893,Bradney,Tucknott,309-948-4131,8723 Mariners Cove Lane,Peoria,IL,61651
894,Arley,Pfeffer,330-273-6650,078 Prentice Court,Canton,OH,44710
895,Hildy,Worlidge,850-342-1724,5918 Clemons Alley,Pensacola,FL,32595
896,Etty,Lapidus,817-984-2729,17474 Monica Drive,Fort Worth,TX,76105
897,Gaye,Budgey,713-826-6107,6451 Heath Street,Houston,TX,77299
898,Cari,MacClancey,318-276-2364,2 Continental Drive,Alexandria,LA,71307
899,Devan,Wooddisse,562-818-0304,72202 Lerdahl Court,Whittier,CA,90610
900,Edithe,Southerns,734-447-8955,7566 Oxford Terrace,Dearborn,MI,48126
901,Tamra,Haig,213-920-9558,9 Pepper Wood Point,Los Angeles,CA,90081
902,Willem,Bemwell,559-214-7453,1487 Troy Drive,Fresno,CA,93778
903,Belia,Finnie,440-464-0228,97 Lillian Crossing,Cleveland,OH,44177
904,Marja,Lindenboim,405-679-1673,4 Tomscot Point,Oklahoma City,OK,73119
905,Riccardo,Logsdail,601-611-0683,2006 Dakota Park,Jackson,MS,39282
906,Erika,Sager,330-885-8970,077 Loomis Street,Warren,OH,44485
907,Enos,Hynde,513-503-2896,6 Huxley Junction,Cincinnati,OH,45218
908,Linet,Saul,208-964-1597,07 Aberg Center,Boise,ID,83722
909,Neale,Sawkins,405-193-1477,61030 Red Cloud Trail,Oklahoma City,OK,73190
910,Cyrill,Kunc,850-249-3287,4 Hintze Point,Pensacola,FL,32520
911,Rufus,Tapton,951-331-8308,798 Basil Drive,Corona,CA,92883
912,Halli,Kenefick,513-375-9382,44 Hovde Point,Cincinnati,OH,45203
913,Inness,Bainton,704-891-2398,2 Acker Crossing,Charlotte,NC,28225
914,Valene,Stammer,217-783-7678,9 Debra Hill,Springfield,IL,62764
915,Ellynn,Bamblett,763-664-9003,7245 Holmberg Lane,Minneapolis,MN,55423
916,Blinny,Worvill,256-178-2414,229 Clarendon Junction,Huntsville,AL,35815
917,Mendel,Kimpton,612-184-7547,9269 Troy Avenue,Minneapolis,MN,55458
918,Chic,Measom,317-613-8389,2 Packers Park,Indianapolis,IN,46266
919,Moses,Cottham,337-785-1374,3073 Mockingbird Way,Lake Charles,LA,70607
920,Aloysius,Biaggioli,214-101-7897,76730 Cambridge Plaza,Dallas,TX,75379
921,Henrik,Chieze,970-760-6521,35 Pierstorff Street,Fort Collins,CO,80525
922,Karalynn,Mourbey,615-146-1361,7840 Thompson Way,Nashville,TN,37250
923,Weider,Bushe,813-652-1102,09897 Drewry Park,Tampa,FL,33686
924,Molly,Mc Elory,217-409-1899,8309 Carpenter Drive,Springfield,IL,62711
925,Jackelyn,Sandys,309-841-8993,198 Brentwood Plaza,Peoria,IL,61656
926,Gradeigh,Ainsworth,915-551-0144,8927 Drewry Lane,El Paso,TX,88525
927,Jobey,Antram,518-917-4259,4 Del Mar Alley,Albany,NY,12262
928,Dannie,Gouldstone,979-540-1777,1764 Gale Point,Bryan,TX,77806
929,Amerigo,Otridge,515-855-8198,27571 Ronald Regan Way,Des Moines,IA,50320
930,Berry,Rime,443-507-8938,43 Cambridge Pass,Baltimore,MD,21211
931,Teriann,Livings,202-882-7871,657 Green Alley,Silver Spring,MD,20910
932,Guinna,Odo,361-863-9932,96 Hayes Place,Corpus Christi,TX,78426
933,Hale,Prickett,512-960-1886,1 Evergreen Trail,Austin,TX,78783
934,Mitch,Nuttey,304-318-3505,5891 Randy Plaza,Charleston,WV,25356
935,Ami,De Rye Barrett,773-669-2988,23849 Delladonna Point,Chicago,IL,60636
936,Abe,Bourdel,503-151-6979,1154 Sommers Lane,Portland,OR,97211
937,Charo,Smallpeace,816-531-1913,42807 Macpherson Park,Shawnee Mission,KS,66210
938,Gonzales,Schukraft,936-886-8654,244 Atwood Junction,Huntsville,TX,77343
939,Orsa,Cheesley,210-500-6968,86 Elka Circle,San Antonio,TX,78215
940,Gilli,Tungay,213-135-0527,71 Lake View Terrace,Los Angeles,CA,90030
941,Malachi,Tomankowski,913-444-8205,61412 Everett Road,Kansas City,KS,66105
942,Janis,Padgett,336-557-2178,61 Erie Junction,Greensboro,NC,27455
943,Valera,Tritten,360-373-2740,4 Toban Center,Vancouver,WA,98664
944,Thomasine,Gommery,412-338-6561,4 Nova Junction,Pittsburgh,PA,15261
945,Berty,Ramalho,314-996-2725,89 Marcy Center,Saint Louis,MO,63116
946,Lexie,Rheubottom,704-423-9280,278 Columbus Crossing,Charlotte,NC,28289
947,Lara,Ballance,337-208-1637,5782 Swallow Center,Lafayette,LA,70505
948,Tarrah,Briston,229-858-6994,145 Fordem Court,Albany,GA,31704
949,Cindy,Gronno,513-632-2325,81384 Magdeline Alley,Cincinnati,OH,45243
950,Lula,Cohr,217-248-9653,0 Bashford Drive,Springfield,IL,62723
951,Tremain,Renahan,316-662-4774,46 Bluejay Hill,Wichita,KS,67205
952,Rosaline,Ayshford,609-114-2762,119 Menomonie Avenue,Trenton,NJ,08638
953,Margie,O'Sharkey,313-966-9637,5 Valley Edge Parkway,Detroit,MI,48295
954,Eudora,Thurlbeck,786-384-7714,2677 Southridge Parkway,Homestead,FL,33034
955,Rozina,Goghin,954-155-5801,14102 Pennsylvania Street,Fort Lauderdale,FL,33325
956,Alonso,Gawler,810-407-1027,34953 Oneill Court,Flint,MI,48550
957,Cornall,Karlolczak,423-190-2518,87298 5th Way,Chattanooga,TN,37405
958,Agustin,Ivens,413-956-0496,38 Dottie Lane,Springfield,MA,01152
959,Teodorico,Dechelette,952-482-5254,9 Nevada Crossing,Saint Paul,MN,55115
960,Jennine,Pedler,225-460-3392,94191 4th Plaza,Baton Rouge,LA,70826
961,Edgar,Paterno,914-707-2388,8114 Morningstar Circle,Yonkers,NY,10705
962,Agneta,Norfolk,571-952-7125,4031 Westerfield Court,Arlington,VA,22244
963,Charyl,Piggins,602-239-7474,78068 Scott Plaza,Scottsdale,AZ,85255
964,Kaitlin,Pattemore,713-192-3551,7 Norway Maple Terrace,Houston,TX,77234
965,Bria,Eckery,571-357-1357,05508 Morningstar Alley,Arlington,VA,22217
966,Danny,Vakhrushin,904-261-7199,176 Glendale Park,Jacksonville,FL,32215
967,Shannon,Jendrys,212-943-0032,63 Anniversary Hill,Brooklyn,NY,11247
968,Josefina,Glanz,213-340-3048,6 Petterle Place,Los Angeles,CA,90050
969,Ewell,Lacelett,808-259-1851,80232 Fremont Center,Honolulu,HI,96810
970,Brennen,Winridge,406-662-7391,9 Carioca Lane,Helena,MT,59623
971,Durand,Claesens,813-324-9098,843 2nd Circle,Tampa,FL,33686
972,Beverley,Broadfoot,650-443-3125,82 Spaight Street,San Jose,CA,95113
973,Tracy,Raggett,419-726-1949,4182 Anzinger Point,Toledo,OH,43666
974,Liliane,Silley,309-923-6446,86974 Delaware Street,Bloomington,IL,61709
975,Janey,Mellanby,754-280-6745,86 Pennsylvania Court,Fort Lauderdale,FL,33320
976,Rosabel,Derx,719-671-6113,41 Lake View Terrace,Colorado Springs,CO,80935
977,Dorette,Twinborough,602-415-2627,2 Talisman Park,Glendale,AZ,85311
978,Cassondra,Hakeworth,609-905-2143,7942 Autumn Leaf Junction,Trenton,NJ,08619
979,Ive,Halladey,404-344-2921,93 Springs Plaza,Atlanta,GA,30392
980,Marni,Flattman,601-556-5718,4647 Sutherland Parkway,Meridian,MS,39305
981,Bibbie,Gatus,412-996-7647,1641 Meadow Ridge Terrace,Pittsburgh,PA,15230
982,Flo,Ditt,561-704-9129,806 Saint Paul Point,Boca Raton,FL,33432
983,Emlen,Birchner,919-936-5663,3866 Bluestem Center,Raleigh,NC,27658
984,Verge,Rosterne,202-446-0776,4 Larry Hill,Washington,DC,20244
985,Olav,Wesson,260-625-5175,199 Fisk Alley,Fort Wayne,IN,46896
986,Nomi,Figgen,313-993-8848,4 Mifflin Pass,Detroit,MI,48224
987,Julita,Snoddon,907-822-4999,9712 Bayside Terrace,Juneau,AK,99812
988,Sherilyn,O'Ruane,512-981-7516,15 Hoffman Avenue,Round Rock,TX,78682
989,Malva,Kauble,862-154-9405,829 Stuart Avenue,Paterson,NJ,07544
990,Cosme,Widdocks,312-607-9829,1111 Mosinee Pass,Chicago,IL,60669
991,Bambie,Vasilmanov,302-133-0867,2 Monterey Crossing,Wilmington,DE,19810
992,Thaine,Podd,314-559-9240,2353 Sachtjen Pass,Saint Louis,MO,63167
993,Harmon,Bosence,803-788-9295,748 Southridge Terrace,Columbia,SC,29240
994,Clementine,Ballentime,336-223-4688,6 Graceland Court,Greensboro,NC,27455
995,Laura,Hincham,719-932-0545,11 Holy Cross Alley,Colorado Springs,CO,80920
996,Marji,Screech,706-644-2788,956 Clyde Gallagher Trail,Augusta,GA,30905
997,Rosita,Freshwater,320-599-4997,776 Loftsgordon Pass,Saint Cloud,MN,56372
998,Babara,Gregorace,713-868-4008,96 Debra Place,Humble,TX,77346
999,Maryellen,Guinery,201-312-4346,17 Saint Paul Plaza,Jersey City,NJ,07305
1000,Carlie,Witherby,281-583-6026,8 Fairfield Street,Houston,TX,77025
